Oligo	TargetCounts	BackgroundCounts	NormalizationFactor
A	15.33%	15.86%	0.966
C	34.67%	34.14%	1.016
G	34.67%	34.14%	1.016
T	15.33%	15.86%	0.966
AA	2.78%	2.75%	1.010
CA	5.41%	5.88%	0.920
GA	5.70%	5.66%	1.006
TA	1.44%	1.55%	0.932
AC	4.18%	4.17%	1.003
CC	12.29%	12.35%	0.995
GC	12.51%	11.98%	1.044
TC	5.70%	5.66%	1.006
AG	6.62%	7.05%	0.939
CG	10.36%	8.88%	1.166
GG	12.29%	12.35%	0.995
TG	5.41%	5.88%	0.920
AT	1.75%	1.88%	0.933
CT	6.62%	7.05%	0.939
GT	4.18%	4.17%	1.003
TT	2.78%	2.75%	1.010
AAA	0.67%	0.61%	1.099
CAA	0.75%	0.80%	0.941
GAA	1.06%	1.03%	1.032
TAA	0.29%	0.30%	0.979
ACA	0.82%	0.94%	0.873
CCA	1.89%	2.09%	0.904
GCA	1.84%	1.90%	0.966
TCA	0.86%	0.93%	0.930
AGA	1.17%	1.30%	0.903
CGA	1.29%	1.05%	1.224
GGA	2.38%	2.38%	0.999
TGA	0.86%	0.93%	0.930
ATA	0.19%	0.22%	0.843
CTA	0.53%	0.58%	0.908
GTA	0.44%	0.44%	0.997
TTA	0.29%	0.30%	0.979
AAC	0.68%	0.66%	1.026
CAC	1.64%	1.72%	0.952
GAC	1.43%	1.34%	1.067
TAC	0.44%	0.44%	0.997
ACC	1.54%	1.51%	1.022
CCC	4.14%	4.35%	0.954
GCC	4.22%	4.13%	1.021
TCC	2.38%	2.38%	0.999
AGC	2.39%	2.38%	1.003
CGC	4.06%	3.61%	1.125
GGC	4.22%	4.13%	1.021
TGC	1.84%	1.90%	0.966
ATC	0.63%	0.62%	1.018
CTC	2.58%	2.67%	0.966
GTC	1.43%	1.34%	1.067
TTC	1.06%	1.03%	1.032
AAG	1.12%	1.14%	0.982
CAG	2.40%	2.65%	0.906
GAG	2.58%	2.67%	0.966
TAG	0.53%	0.58%	0.908
ACG	1.03%	0.86%	1.188
CCG	3.98%	3.42%	1.164
GCG	4.06%	3.61%	1.125
TCG	1.29%	1.05%	1.224
AGG	2.27%	2.51%	0.904
CGG	3.98%	3.42%	1.164
GGG	4.14%	4.35%	0.954
TGG	1.89%	2.09%	0.904
ATG	0.62%	0.69%	0.894
CTG	2.40%	2.65%	0.906
GTG	1.64%	1.72%	0.952
TTG	0.75%	0.80%	0.941
AAT	0.32%	0.33%	0.950
CAT	0.62%	0.69%	0.894
GAT	0.63%	0.62%	1.018
TAT	0.19%	0.22%	0.843
ACT	0.79%	0.85%	0.937
CCT	2.27%	2.51%	0.904
GCT	2.39%	2.38%	1.003
TCT	1.17%	1.30%	0.903
AGT	0.79%	0.85%	0.937
CGT	1.03%	0.86%	1.188
GGT	1.54%	1.51%	1.022
TGT	0.82%	0.94%	0.873
ATT	0.32%	0.33%	0.950
CTT	1.12%	1.14%	0.982
GTT	0.68%	0.66%	1.026
TTT	0.67%	0.61%	1.099
